Fund Name,P1,P2,P3,P4,P5,Topsis Score,Rank
M1,0.91,0.83,6.8,60.0,17.14,0.4608453483225466,7
M2,0.65,0.42,3.6,59.5,16.04,0.49808206786369574,5
M3,0.7,0.49,4.2,44.4,12.45,0.47554520407574274,6
M4,0.91,0.83,5.9,55.5,15.79,0.5314198115275669,4
M5,0.87,0.76,3.1,64.9,17.41,0.7758877202140004,2
M6,0.92,0.85,3.4,45.0,12.54,0.8198587617526442,1
M7,0.65,0.42,6.7,51.5,14.82,0.15279308372578893,8
M8,0.84,0.71,4.9,35.3,10.44,0.5551269327927268,3
